,Rut,Year,Period,Performance
count,19154.0,19154.0,19154.0,19154.0
mean,19332333.830427065,2016.8060979429883,1.4843374752010023,293.22731544324944
std,577202.9293912388,1.325085941387504,0.500185380063319,415.5683316673551
min,14784994.0,2015.0,1.0,10.0
25%,19208127.0,2016.0,1.0,42.0
50%,19466141.0,2017.0,1.0,53.0
75%,19635941.0,2018.0,2.0,991.0
max,23801167.0,2019.0,3.0,999.0
